Zawodnik,Gra przy siatce obronna i sytuacyjna,Atak,Odbior,Serwis,Wystawa,Sytuacyjne,Suma
Zbyszek Staniec,20,35,60,65,40,40,275
Kamil Michalski,68,55,50,60,45,50,328
Wieslaw Janik,79,62,77,70,72,80,440
Michal Guzik,63,70,73,76,80,80,442
Marcin Zapala,46,53,60,65,57,45,326
Wesoly,35,55,62,74,35,40,301
Krzys Zapala,52,60,55,60,55,57,339
Łysy,20,30,60,65,40,40,255
Robert Zapala,71,65,74,73,77,72,432
Zbychu ruchacz,58,67,70,70,66,62,393
